{
  "command": [
    "/Users/kursatyenidogan/Documents/kozmikaDil/bench/results/phase10/pgo_native_trial/native_pgo.bin"
  ],
  "statuses": [
    0,
    0,
    0,
    0,
    0,
    0,
    0,
    0,
    0,
    0,
    0
  ],
  "status_ok": true,
  "timing": {
    "sample_count": 11,
    "median_sec": 0.0021966249914839864,
    "mean_sec": 0.0022543238883372396,
    "stdev_sec": 0.00012348044503813655,
    "max_drift_percent": 15.825413982240056
  },
  "first_output": "500001000000\n"
}