{
  "program": "/Users/kursatyenidogan/Documents/kozmikaDil/bench/programs/phase10/pgo_call_chain_large.k",
  "lto_mode": "full",
  "profile_runs": 5,
  "baseline_median_sec": 0.002321084000868723,
  "pgo_median_sec": 0.0021966249914839864,
  "raw_speedup_vs_baseline": 1.056659197572297,
  "selected_variant": "pgo_use",
  "effective_median_sec": 0.0021966249914839864,
  "speedup_vs_baseline": 1.056659197572297,
  "baseline": {
    "command": [
      "/Users/kursatyenidogan/Documents/kozmikaDil/bench/results/phase10/pgo_native_trial/native_baseline.bin"
    ],
    "statuses": [
      0,
      0,
      0,
      0,
      0,
      0,
      0,
      0,
      0,
      0,
      0
    ],
    "status_ok": true,
    "timing": {
      "sample_count": 11,
      "median_sec": 0.002321084000868723,
      "mean_sec": 0.0022613799988499116,
      "stdev_sec": 0.0001571017637286957,
      "max_drift_percent": 13.544362281100502
    },
    "first_output": "500001000000\n"
  },
  "pgo_use": {
    "command": [
      "/Users/kursatyenidogan/Documents/kozmikaDil/bench/results/phase10/pgo_native_trial/native_pgo.bin"
    ],
    "statuses": [
      0,
      0,
      0,
      0,
      0,
      0,
      0,
      0,
      0,
      0,
      0
    ],
    "status_ok": true,
    "timing": {
      "sample_count": 11,
      "median_sec": 0.0021966249914839864,
      "mean_sec": 0.0022543238883372396,
      "stdev_sec": 0.00012348044503813655,
      "max_drift_percent": 15.825413982240056
    },
    "first_output": "500001000000\n"
  }
}