{
  "command": [
    "/Users/kursatyenidogan/Documents/kozmikaDil/bench/results/phase10/pgo_mcpu_trial/native_baseline.bin"
  ],
  "statuses": [
    0,
    0,
    0,
    0,
    0,
    0,
    0,
    0,
    0,
    0,
    0
  ],
  "status_ok": true,
  "timing": {
    "sample_count": 11,
    "median_sec": 0.002842749992851168,
    "mean_sec": 0.002897911996114999,
    "stdev_sec": 0.00028632884666433416,
    "max_drift_percent": 18.878445511148648
  },
  "first_output": "500001000000\n"
}