{
  "command": [
    "/Users/kursatyenidogan/Documents/kozmikaDil/bench/results/phase10/pgo_mcpu_trial/native_pgo.bin"
  ],
  "statuses": [
    0,
    0,
    0,
    0,
    0,
    0,
    0,
    0,
    0,
    0,
    0
  ],
  "status_ok": true,
  "timing": {
    "sample_count": 11,
    "median_sec": 0.0030487499898299575,
    "mean_sec": 0.003021935334092834,
    "stdev_sec": 0.00035114191056039707,
    "max_drift_percent": 22.521525904265918
  },
  "first_output": "500001000000\n"
}