{
  "command": [
    "/Users/kursatyenidogan/Documents/kozmikaDil/bench/results/phase10/pgo_xlarge_trial_1/native_baseline.bin"
  ],
  "statuses": [
    0,
    0,
    0,
    0,
    0,
    0,
    0,
    0,
    0,
    0,
    0
  ],
  "status_ok": true,
  "timing": {
    "sample_count": 11,
    "median_sec": 0.002332125004613772,
    "mean_sec": 0.0024230740026622596,
    "stdev_sec": 0.0002383462350651895,
    "max_drift_percent": 26.235042889970266
  },
  "first_output": "50000010000000\n"
}