{
  "command": [
    "/Users/kursatyenidogan/Documents/kozmikaDil/bench/results/phase10/pgo_xlarge_trial_1/native_pgo.bin"
  ],
  "statuses": [
    0,
    0,
    0,
    0,
    0,
    0,
    0,
    0,
    0,
    0,
    0
  ],
  "status_ok": true,
  "timing": {
    "sample_count": 11,
    "median_sec": 0.0024381249968428165,
    "mean_sec": 0.002398522997585436,
    "stdev_sec": 0.00012237404483625056,
    "max_drift_percent": 9.995754377075846
  },
  "first_output": "50000010000000\n"
}