{
  "program": "/Users/kursatyenidogan/Documents/kozmikaDil/bench/programs/phase10/pgo_call_chain_xlarge.k",
  "lto_mode": "full",
  "profile_runs": 5,
  "baseline_median_sec": 0.002332125004613772,
  "pgo_median_sec": 0.0024381249968428165,
  "speedup_vs_baseline": 0.9565239713442476,
  "baseline": {
    "command": [
      "/Users/kursatyenidogan/Documents/kozmikaDil/bench/results/phase10/pgo_xlarge_trial_1/native_baseline.bin"
    ],
    "statuses": [
      0,
      0,
      0,
      0,
      0,
      0,
      0,
      0,
      0,
      0,
      0
    ],
    "status_ok": true,
    "timing": {
      "sample_count": 11,
      "median_sec": 0.002332125004613772,
      "mean_sec": 0.0024230740026622596,
      "stdev_sec": 0.0002383462350651895,
      "max_drift_percent": 26.235042889970266
    },
    "first_output": "50000010000000\n"
  },
  "pgo_use": {
    "command": [
      "/Users/kursatyenidogan/Documents/kozmikaDil/bench/results/phase10/pgo_xlarge_trial_1/native_pgo.bin"
    ],
    "statuses": [
      0,
      0,
      0,
      0,
      0,
      0,
      0,
      0,
      0,
      0,
      0
    ],
    "status_ok": true,
    "timing": {
      "sample_count": 11,
      "median_sec": 0.0024381249968428165,
      "mean_sec": 0.002398522997585436,
      "stdev_sec": 0.00012237404483625056,
      "max_drift_percent": 9.995754377075846
    },
    "first_output": "50000010000000\n"
  }
}