name,median_sec,min_sec,max_sec,runs,checksum_raw,checksum,vs_c
Spark interpret (own),0.155590875,0.140600959,0.164065042,5,24453782.647975333,24453782.647975333,0.871238702
Spark interpret (blas),0.099451542,0.096500750,0.109407875,5,24453782.647975329,24453782.647975329,1.363043642
Spark interpret (auto),0.099172709,0.090782709,0.111075708,5,24453782.647975329,24453782.647975329,1.366875962
C (clang -O3),0.135556792,0.125687333,0.149908167,5,24453782.64797532930970192,24453782.647975329,1.000000000
Python (naive loops),19.810986416,13.319732250,20.348028459,5,24453782.64797532930970192,24453782.647975329,0.006842506
Python+NumPy,0.084384750,0.081149167,0.093973084,5,24453782.64797864109277725,24453782.647978641,1.606413387
Java (naive loops),0.149574375,0.144520167,0.151489250,5,24453782.64797533000000000,24453782.647975329,0.906283526
