{
  "results": [
    {
      "case": "matrix_generic_ops",
      "baseline_median_sec": 0.2448320419935044,
      "optimized_median_sec": 0.021886000002268702,
      "speedup_x": 11.186696608248429,
      "checksum_baseline": 318792.84896166774,
      "checksum_optimized": 318792.84896166774,
      "checksum_abs_diff": 0.0,
      "runs": 3,
      "warmup": 1
    },
    {
      "case": "list_hetero_ops",
      "baseline_median_sec": 0.21597912500146776,
      "optimized_median_sec": 0.20823616700363345,
      "speedup_x": 1.0371835407328602,
      "checksum_baseline": 32400720000.0,
      "checksum_optimized": 32400720000.0,
      "checksum_abs_diff": 0.0,
      "runs": 3,
      "warmup": 1
    },
    {
      "case": "matmul4_sum_ops",
      "baseline_median_sec": 0.04291129202465527,
      "optimized_median_sec": 0.014417208993108943,
      "speedup_x": 2.9763938391380584,
      "checksum_baseline": 655808968970.5187,
      "checksum_optimized": 655808968970.511,
      "checksum_abs_diff": 0.0076904296875,
      "runs": 3,
      "warmup": 1
    }
  ]
}