{
  "results": [
    {
      "case": "matrix_generic_ops",
      "baseline_median_sec": 0.5486699159955606,
      "optimized_median_sec": 0.027410541020799428,
      "speedup_x": 20.016748869685703,
      "checksum_baseline": 637602.1983454443,
      "checksum_optimized": 637602.1983454443,
      "checksum_abs_diff": 0.0,
      "runs": 3,
      "warmup": 1
    },
    {
      "case": "list_hetero_ops",
      "baseline_median_sec": 0.20788858400192112,
      "optimized_median_sec": 0.20195791698643006,
      "speedup_x": 1.0293658555405358,
      "checksum_baseline": 32400720000.0,
      "checksum_optimized": 32400720000.0,
      "checksum_abs_diff": 0.0,
      "runs": 3,
      "warmup": 1
    },
    {
      "case": "matmul4_sum_ops",
      "baseline_median_sec": 0.042363000015029684,
      "optimized_median_sec": 0.0136514579935465,
      "speedup_x": 3.1031850250029036,
      "checksum_baseline": 655808968970.5187,
      "checksum_optimized": 655808968970.511,
      "checksum_abs_diff": 0.0076904296875,
      "runs": 3,
      "warmup": 1
    }
  ]
}