{
  "results": [
    {
      "case": "matrix_generic_ops",
      "baseline_median_sec": 0.12024004102568142,
      "optimized_median_sec": 0.01778787499642931,
      "speedup_x": 6.759663031689738,
      "checksum_baseline": 199269.86897381372,
      "checksum_optimized": 199269.86897381372,
      "checksum_abs_diff": 0.0,
      "runs": 3,
      "warmup": 1
    },
    {
      "case": "list_hetero_ops",
      "baseline_median_sec": 0.21354391699424013,
      "optimized_median_sec": 0.2095392500050366,
      "speedup_x": 1.0191117749495968,
      "checksum_baseline": 32400720000.0,
      "checksum_optimized": 32400720000.0,
      "checksum_abs_diff": 0.0,
      "runs": 3,
      "warmup": 1
    },
    {
      "case": "matmul4_sum_ops",
      "baseline_median_sec": 0.050042124988976866,
      "optimized_median_sec": 0.016180749982595444,
      "speedup_x": 3.0926950260528003,
      "checksum_baseline": 655808968970.5187,
      "checksum_optimized": 655808968970.511,
      "checksum_abs_diff": 0.0076904296875,
      "runs": 3,
      "warmup": 1
    }
  ]
}