{
  "results": [
    {
      "case": "matrix_generic_ops",
      "baseline_median_sec": 0.5418148330063559,
      "optimized_median_sec": 0.0292441250057891,
      "speedup_x": 18.527305327107563,
      "checksum_baseline": 637602.1983454443,
      "checksum_optimized": 637602.1983454443,
      "checksum_abs_diff": 0.0,
      "runs": 3,
      "warmup": 1
    },
    {
      "case": "list_hetero_ops",
      "baseline_median_sec": 0.20935687501332723,
      "optimized_median_sec": 0.20833950000815094,
      "speedup_x": 1.004883255480293,
      "checksum_baseline": 32400720000.0,
      "checksum_optimized": 32400720000.0,
      "checksum_abs_diff": 0.0,
      "runs": 3,
      "warmup": 1
    },
    {
      "case": "matmul4_sum_ops",
      "baseline_median_sec": 0.04251974998624064,
      "optimized_median_sec": 0.014445416978560388,
      "speedup_x": 2.943476816858083,
      "checksum_baseline": 655808968970.5187,
      "checksum_optimized": 655808968970.511,
      "checksum_abs_diff": 0.0076904296875,
      "runs": 3,
      "warmup": 1
    }
  ]
}