{
  "results": [
    {
      "case": "matrix_generic_ops",
      "baseline_median_sec": 0.571266665996518,
      "optimized_median_sec": 0.03179795801406726,
      "speedup_x": 17.965514192571497,
      "checksum_baseline": 637602.1983454443,
      "checksum_optimized": 637602.1983454443,
      "checksum_abs_diff": 0.0,
      "runs": 5,
      "warmup": 1
    },
    {
      "case": "list_hetero_ops",
      "baseline_median_sec": 0.3445479579968378,
      "optimized_median_sec": 0.34071583300828934,
      "speedup_x": 1.0112472759328892,
      "checksum_baseline": 90001200000.0,
      "checksum_optimized": 90001200000.0,
      "checksum_abs_diff": 0.0,
      "runs": 5,
      "warmup": 1
    },
    {
      "case": "matmul4_sum_ops",
      "baseline_median_sec": 0.8434455000096932,
      "optimized_median_sec": 0.052657874999567866,
      "speedup_x": 16.01746177597586,
      "checksum_baseline": 1193175841454152.2,
      "checksum_optimized": 1193175841454209.5,
      "checksum_abs_diff": 57.25,
      "runs": 5,
      "warmup": 1
    }
  ]
}