{
  "command": [
    "/Users/kursatyenidogan/Documents/kozmikaDil/bench/results/phase10/pgo_scalar_native/native_baseline.bin"
  ],
  "statuses": [
    0,
    0,
    0,
    0,
    0,
    0,
    0,
    0,
    0,
    0,
    0
  ],
  "status_ok": true,
  "timing": {
    "sample_count": 11,
    "median_sec": 0.0024610419932287186,
    "mean_sec": 0.0026624261065282756,
    "stdev_sec": 0.00043553459416777196,
    "max_drift_percent": 47.357990246989154
  },
  "first_output": "61249825000\n"
}