{
  "command": [
    "/Users/kursatyenidogan/Documents/kozmikaDil/bench/results/phase10/pgo_scalar_native/native_pgo.bin"
  ],
  "statuses": [
    0,
    0,
    0,
    0,
    0,
    0,
    0,
    0,
    0,
    0,
    0
  ],
  "status_ok": true,
  "timing": {
    "sample_count": 11,
    "median_sec": 0.002579332998720929,
    "mean_sec": 0.0026505415508937505,
    "stdev_sec": 0.0003866751271357015,
    "max_drift_percent": 27.8641414061803
  },
  "first_output": "61249825000\n"
}