{
  "program": "/Users/kursatyenidogan/Documents/kozmikaDil/bench/programs/phase4/scalar_sum_large.k",
  "lto_mode": "full",
  "profile_runs": 5,
  "baseline_median_sec": 0.0024610419932287186,
  "pgo_median_sec": 0.002579332998720929,
  "raw_speedup_vs_baseline": 0.9541389167079745,
  "selected_variant": "baseline",
  "effective_median_sec": 0.0024610419932287186,
  "speedup_vs_baseline": 1.0,
  "baseline": {
    "command": [
      "/Users/kursatyenidogan/Documents/kozmikaDil/bench/results/phase10/pgo_scalar_native/native_baseline.bin"
    ],
    "statuses": [
      0,
      0,
      0,
      0,
      0,
      0,
      0,
      0,
      0,
      0,
      0
    ],
    "status_ok": true,
    "timing": {
      "sample_count": 11,
      "median_sec": 0.0024610419932287186,
      "mean_sec": 0.0026624261065282756,
      "stdev_sec": 0.00043553459416777196,
      "max_drift_percent": 47.357990246989154
    },
    "first_output": "61249825000\n"
  },
  "pgo_use": {
    "command": [
      "/Users/kursatyenidogan/Documents/kozmikaDil/bench/results/phase10/pgo_scalar_native/native_pgo.bin"
    ],
    "statuses": [
      0,
      0,
      0,
      0,
      0,
      0,
      0,
      0,
      0,
      0,
      0
    ],
    "status_ok": true,
    "timing": {
      "sample_count": 11,
      "median_sec": 0.002579332998720929,
      "mean_sec": 0.0026505415508937505,
      "stdev_sec": 0.0003866751271357015,
      "max_drift_percent": 27.8641414061803
    },
    "first_output": "61249825000\n"
  }
}