{
  "command": [
    "/Users/kursatyenidogan/Documents/kozmikaDil/bench/results/phase10/pgo_full_trial_r3/native_baseline.bin"
  ],
  "statuses": [
    0,
    0,
    0,
    0,
    0,
    0,
    0,
    0,
    0,
    0,
    0
  ],
  "status_ok": true,
  "timing": {
    "sample_count": 11,
    "median_sec": 0.002390207984717563,
    "mean_sec": 0.002399573998344648,
    "stdev_sec": 0.00013621760739700186,
    "max_drift_percent": 8.587119685151718
  },
  "first_output": "500001000000\n"
}