{
  "command": [
    "/Users/kursatyenidogan/Documents/kozmikaDil/bench/results/phase10/pgo_full_trial_r3/native_pgo.bin"
  ],
  "statuses": [
    0,
    0,
    0,
    0,
    0,
    0,
    0,
    0,
    0,
    0,
    0
  ],
  "status_ok": true,
  "timing": {
    "sample_count": 11,
    "median_sec": 0.002295083017088473,
    "mean_sec": 0.0023196434518063646,
    "stdev_sec": 0.00011372051022830243,
    "max_drift_percent": 8.932138307761862
  },
  "first_output": "500001000000\n"
}