{
  "program": "/Users/kursatyenidogan/Documents/kozmikaDil/bench/programs/phase10/pgo_call_chain_large.k",
  "lto_mode": "full",
  "profile_runs": 3,
  "baseline_median_sec": 0.002390207984717563,
  "pgo_median_sec": 0.002295083017088473,
  "speedup_vs_baseline": 1.04144728836422,
  "baseline": {
    "command": [
      "/Users/kursatyenidogan/Documents/kozmikaDil/bench/results/phase10/pgo_full_trial_r3/native_baseline.bin"
    ],
    "statuses": [
      0,
      0,
      0,
      0,
      0,
      0,
      0,
      0,
      0,
      0,
      0
    ],
    "status_ok": true,
    "timing": {
      "sample_count": 11,
      "median_sec": 0.002390207984717563,
      "mean_sec": 0.002399573998344648,
      "stdev_sec": 0.00013621760739700186,
      "max_drift_percent": 8.587119685151718
    },
    "first_output": "500001000000\n"
  },
  "pgo_use": {
    "command": [
      "/Users/kursatyenidogan/Documents/kozmikaDil/bench/results/phase10/pgo_full_trial_r3/native_pgo.bin"
    ],
    "statuses": [
      0,
      0,
      0,
      0,
      0,
      0,
      0,
      0,
      0,
      0,
      0
    ],
    "status_ok": true,
    "timing": {
      "sample_count": 11,
      "median_sec": 0.002295083017088473,
      "mean_sec": 0.0023196434518063646,
      "stdev_sec": 0.00011372051022830243,
      "max_drift_percent": 8.932138307761862
    },
    "first_output": "500001000000\n"
  }
}