{
  "command": [
    "/Users/kursatyenidogan/Documents/kozmikaDil/bench/results/phase10/pgo_default_trial/native_baseline.bin"
  ],
  "statuses": [
    0,
    0,
    0,
    0,
    0,
    0,
    0,
    0,
    0,
    0,
    0
  ],
  "status_ok": true,
  "timing": {
    "sample_count": 11,
    "median_sec": 0.0021389159956015646,
    "mean_sec": 0.0021315464465361503,
    "stdev_sec": 0.00021341550504123155,
    "max_drift_percent": 13.6245660345041
  },
  "first_output": "500001000000\n"
}