{
  "command": [
    "/Users/kursatyenidogan/Documents/kozmikaDil/bench/results/phase10/pgo_default_trial/native_pgo.bin"
  ],
  "statuses": [
    0,
    0,
    0,
    0,
    0,
    0,
    0,
    0,
    0,
    0,
    0
  ],
  "status_ok": true,
  "timing": {
    "sample_count": 11,
    "median_sec": 0.0023058750084601343,
    "mean_sec": 0.0024081111122440132,
    "stdev_sec": 0.0003061486753119216,
    "max_drift_percent": 29.961510937713896
  },
  "first_output": "500001000000\n"
}