{
  "program": "/Users/kursatyenidogan/Documents/kozmikaDil/bench/programs/phase10/pgo_call_chain_large.k",
  "lto_mode": "full",
  "profile_runs": 5,
  "baseline_median_sec": 0.0021389159956015646,
  "pgo_median_sec": 0.0023058750084601343,
  "raw_speedup_vs_baseline": 0.9275940750274816,
  "selected_variant": "baseline",
  "effective_median_sec": 0.0021389159956015646,
  "speedup_vs_baseline": 1.0,
  "baseline": {
    "command": [
      "/Users/kursatyenidogan/Documents/kozmikaDil/bench/results/phase10/pgo_default_trial/native_baseline.bin"
    ],
    "statuses": [
      0,
      0,
      0,
      0,
      0,
      0,
      0,
      0,
      0,
      0,
      0
    ],
    "status_ok": true,
    "timing": {
      "sample_count": 11,
      "median_sec": 0.0021389159956015646,
      "mean_sec": 0.0021315464465361503,
      "stdev_sec": 0.00021341550504123155,
      "max_drift_percent": 13.6245660345041
    },
    "first_output": "500001000000\n"
  },
  "pgo_use": {
    "command": [
      "/Users/kursatyenidogan/Documents/kozmikaDil/bench/results/phase10/pgo_default_trial/native_pgo.bin"
    ],
    "statuses": [
      0,
      0,
      0,
      0,
      0,
      0,
      0,
      0,
      0,
      0,
      0
    ],
    "status_ok": true,
    "timing": {
      "sample_count": 11,
      "median_sec": 0.0023058750084601343,
      "mean_sec": 0.0024081111122440132,
      "stdev_sec": 0.0003061486753119216,
      "max_drift_percent": 29.961510937713896
    },
    "first_output": "500001000000\n"
  }
}