{
  "command": [
    "/Users/kursatyenidogan/Documents/kozmikaDil/bench/results/phase10/pgo_xlarge_trial_2/native_pgo.bin"
  ],
  "statuses": [
    0,
    0,
    0,
    0,
    0,
    0,
    0,
    0,
    0,
    0,
    0
  ],
  "status_ok": true,
  "timing": {
    "sample_count": 11,
    "median_sec": 0.0025898330204654485,
    "mean_sec": 0.0025637731175973183,
    "stdev_sec": 0.00017401369036175828,
    "max_drift_percent": 11.541902918757376
  },
  "first_output": "50000010000000\n"
}