{
  "method": "batched single-op net ns/op (raw-floor), loops=5000, batch=128, runs=3, single-thread",
  "cpp_i64": {
    "+": 0.010206250000000028,
    "-": 0.030904687500000028,
    "*": 0.03969062499999998,
    "/": 0.23734999999999995,
    "%": 0.25711406249999996,
    "^": 0.68011875
  },
  "kozmika": {
    "i8": {
      "+": 14.22693750000002,
      "-": 13.983799999999974,
      "*": 19.78851406250004,
      "/": 17.144284374999984,
      "%": 22.17285937500003,
      "^": 24.641623437500016
    },
    "i16": {
      "+": 17.681118749999996,
      "-": 14.515348437499995,
      "*": 19.699693749999994,
      "/": 20.553601562499978,
      "%": 22.55002187499997,
      "^": 21.520885937499997
    },
    "i32": {
      "+": 14.113407812499986,
      "-": 13.530540625000015,
      "*": 20.72435624999997,
      "/": 17.22556718750002,
      "%": 18.779496875000007,
      "^": 24.733450000000005
    },
    "i64": {
      "+": 14.00667656249999,
      "-": 11.861962500000004,
      "*": 18.589142187499988,
      "/": 21.357328125000038,
      "%": 20.587340625000024,
      "^": 21.767545312499976
    },
    "i128": {
      "+": 13.572823437500006,
      "-": 12.514407812499996,
      "*": 22.190735937499994,
      "/": 17.679748437500052,
      "%": 17.762943750000034,
      "^": 23.984353124999984
    },
    "i256": {
      "+": 347.58853124999996,
      "-": 334.80855312500006,
      "*": 357.61888906250005,
      "/": 56.29726562500002,
      "%": 362.52040625,
      "^": 52.52524531250003
    },
    "i512": {
      "+": 305.834321875,
      "-": 307.47002499999996,
      "*": 305.3792781249999,
      "/": 53.68693593750004,
      "%": 305.7515359375001,
      "^": 50.21288281249997
    }
  }
}