{
  "method": "random-stream runtime ns/op (loops=500000,runs=3 for kozmika interpret; loops=500000,runs=5 for C++ i64 -O3)",
  "cpp_i64": {
    "+": 6.722666,
    "-": 5.649332,
    "*": 5.791834,
    "/": 6.074166,
    "%": 6.18025,
    "^": 10.228418
  },
  "kozmika": {
    "i8": {
      "+": 2315.6368319978355,
      "-": 2320.5844999974943,
      "*": 2335.813749999943,
      "/": 3398.0253340014315,
      "%": 3116.1610839990317,
      "^": 2800.5150000026333
    },
    "i16": {
      "+": 2737.065918001463,
      "-": 2665.6315840009484,
      "*": 2731.0745819995645,
      "/": 3128.2274160003,
      "%": 3194.857583999692,
      "^": 2827.562749997014
    },
    "i32": {
      "+": 2800.2974160008307,
      "-": 3147.220500002732,
      "*": 2848.1684159996803,
      "/": 3100.0062499988417,
      "%": 3009.665418001532,
      "^": 2620.5798339979083
    },
    "i64": {
      "+": 2746.460833997844,
      "-": 2690.263500000583,
      "*": 3115.6675839993113,
      "/": 2937.9574180020427,
      "%": 2637.998999998672,
      "^": 2261.1637499976496
    },
    "i128": {
      "+": 2440.595583997492,
      "-": 2523.6771659983788,
      "*": 4327.025750000757,
      "/": 3726.6085000010207,
      "%": 4034.750165999867,
      "^": 3340.326334000565
    },
    "i256": {
      "+": 4572.939333997056,
      "-": 4350.030916000833,
      "*": 4125.394668000808,
      "/": 4908.266165999521,
      "%": 5123.047583998414,
      "^": 4261.50675000099
    },
    "i512": {
      "+": 4239.031165998313,
      "-": 5027.752416001022,
      "*": 6239.388999998482,
      "/": 5480.455333999998,
      "%": 5677.621417999035,
      "^": 4491.104832002748
    }
  }
}