{
  "+": 0.0,
  "-": 0.0,
  "*": 0.04916000000000054,
  "/": 0.17074500000000015,
  "%": 0.0,
  "^": 0.0
}