{
  "cpp_i64": {
    "+": 3.86125,
    "-": 3.618168,
    "*": 3.613,
    "/": 3.66125,
    "%": 3.578416,
    "^": 6.415666
  },
  "kozmika": {
    "i8": {
      "+": 3484.030081999663,
      "-": 3683.8030840008287,
      "*": 3604.841000000306,
      "/": 3883.167416002834,
      "%": 4013.1096680015617,
      "^": 2796.308331999171
    },
    "i16": {
      "+": 3003.312749999168,
      "-": 2493.8546659977874,
      "*": 2344.5641660000547,
      "/": 2485.2752500009956,
      "%": 2507.5774179967993,
      "^": 2265.0412500006496
    },
    "i32": {
      "+": 2398.269083998457,
      "-": 3800.6200839990925,
      "*": 3816.7246660013916,
      "/": 3990.990165999392,
      "%": 4444.558584000333,
      "^": 3979.616417997022
    },
    "i64": {
      "+": 4082.997000001342,
      "-": 3309.4926659978228,
      "*": 3490.130416001193,
      "/": 3902.805500001705,
      "%": 3872.2074160032207,
      "^": 3494.1342500023893
    },
    "i128": {
      "+": 3703.315749997273,
      "-": 4429.185331999179,
      "*": 4327.304416001425,
      "/": 5244.122834003065,
      "%": 5186.159916000179,
      "^": 4741.672918000404
    },
    "i256": {
      "+": 4309.862250000151,
      "-": 4063.8228339994384,
      "*": 4163.1252500010305,
      "/": 4236.393499999394,
      "%": 4436.461915996915,
      "^": 4023.361500003375
    },
    "i512": {
      "+": 3867.2079159987334,
      "-": 3757.9900000018824,
      "*": 3229.508749998786,
      "/": 3341.1300819971075,
      "%": 3268.66825000252,
      "^": 2293.373166001402
    }
  }
}