{
  "loops": 200000,
  "runs": 5,
  "warmup": 1,
  "pow_profile": "generic",
  "kozmika_f_series": {
    "native": {
      "f128": {
        "+": {
          "ns_op": 24.312515,
          "checksum": "140060",
          "sec": 0.09091806411743164
        },
        "-": {
          "ns_op": 24.990035,
          "checksum": "-25050",
          "sec": 0.08500218391418457
        },
        "*": {
          "ns_op": 19.227325,
          "checksum": "-880987829",
          "sec": 0.07895398139953613
        },
        "/": {
          "ns_op": 35.51643,
          "checksum": "227.30568825849687",
          "sec": 0.10074710845947266
        },
        "%": {
          "ns_op": 93.395335,
          "checksum": "-39381",
          "sec": 0.17194199562072754
        },
        "^": {
          "ns_op": 67.370095,
          "checksum": "31436251272103",
          "sec": 0.14360499382019043
        }
      },
      "f256": {
        "+": {
          "ns_op": 33.35154,
          "checksum": "140060",
          "sec": 0.09703779220581055
        },
        "-": {
          "ns_op": 33.57767,
          "checksum": "-25050",
          "sec": 0.09934020042419434
        },
        "*": {
          "ns_op": 38.35185,
          "checksum": "-880987829",
          "sec": 0.1046600341796875
        },
        "/": {
          "ns_op": 75.743805,
          "checksum": "227.30568825849687",
          "sec": 0.1471998691558838
        },
        "%": {
          "ns_op": 94.197145,
          "checksum": "-39381",
          "sec": 0.17133808135986328
        },
        "^": {
          "ns_op": 90.803335,
          "checksum": "31436251272103",
          "sec": 0.16712188720703125
        }
      },
      "f512": {
        "+": {
          "ns_op": 36.372255,
          "checksum": "140060",
          "sec": 0.1009969711303711
        },
        "-": {
          "ns_op": 37.20344,
          "checksum": "-25050",
          "sec": 0.10302114486694336
        },
        "*": {
          "ns_op": 55.15006,
          "checksum": "-880987829",
          "sec": 0.12181210517883301
        },
        "/": {
          "ns_op": 145.773185,
          "checksum": "227.30568825849687",
          "sec": 0.23384714126586914
        },
        "%": {
          "ns_op": 102.671855,
          "checksum": "-39381",
          "sec": 0.18625402450561523
        },
        "^": {
          "ns_op": 124.140715,
          "checksum": "31436251272103",
          "sec": 0.2105112075805664
        }
      }
    }
  }
}