{
  "loops": 1000000,
  "runs": 3,
  "kozmika_i_series_ns_op": {
    "i8": {
      "+": 2.6917890000000004,
      "-": 2.4674460000000003,
      "*": 3.129961,
      "/": 2.792817,
      "%": 2.698482,
      "^": 4.111985
    },
    "i16": {
      "+": 3.0947709999999997,
      "-": 2.64146,
      "*": 2.752203,
      "/": 2.780271,
      "%": 3.067388,
      "^": 3.6882869999999994
    },
    "i32": {
      "+": 2.9872669999999997,
      "-": 2.909413,
      "*": 2.630614,
      "/": 3.487624,
      "%": 2.9916300000000002,
      "^": 3.482338
    },
    "i64": {
      "+": 2.763119,
      "-": 2.521728,
      "*": 2.909543,
      "/": 3.1601019999999997,
      "%": 2.8403639999999997,
      "^": 2.942547
    },
    "i128": {
      "+": 2.89097,
      "-": 2.8912839999999997,
      "*": 2.5244799999999996,
      "/": 2.912029,
      "%": 2.566602,
      "^": 3.070922
    },
    "i256": {
      "+": 2.816491,
      "-": 2.0955260000000004,
      "*": 2.177897,
      "/": 2.724928,
      "%": 2.5704510000000003,
      "^": 2.7607079999999997
    },
    "i512": {
      "+": 3.108308,
      "-": 2.50956,
      "*": 2.848711,
      "/": 2.7136109999999998,
      "%": 2.3425810000000005,
      "^": 2.5742360000000004
    }
  },
  "cross_f64_ns_op": {
    "kozmika_f64": {
      "+": 0.0,
      "-": 0.0,
      "*": 0.035375000000000156,
      "/": 0.0,
      "%": 0.010874999999999524,
      "^": 0.05954166666666705
    },
    "c": {
      "+": 0.0,
      "-": 0.10565899999999928,
      "*": 0.0,
      "/": 0.0,
      "%": 0.0,
      "^": 3.435052999999998
    },
    "cpp": {
      "+": 0.0,
      "-": 0.0,
      "*": 0.0,
      "/": 0.0,
      "%": 0.0,
      "^": 1.580245999999999
    },
    "csharp": {
      "+": 0.0,
      "-": 0.0,
      "*": 0.0,
      "/": 0.0,
      "%": 0.0,
      "^": 3.820158000000001
    }
  }
}