{
  "f8": {
    "+": {
      "raw_ns": 108.28385,
      "floor_ns": 96.3736,
      "net_ns": 11.910250000000005,
      "checksum": "2"
    },
    "-": {
      "raw_ns": 110.90639,
      "floor_ns": 96.766525,
      "net_ns": 14.139865,
      "checksum": "0"
    },
    "*": {
      "raw_ns": 110.38878,
      "floor_ns": 95.527185,
      "net_ns": 14.861594999999994,
      "checksum": "1"
    },
    "/": {
      "raw_ns": 107.903605,
      "floor_ns": 96.55451,
      "net_ns": 11.349095000000005,
      "checksum": "1"
    },
    "%": {
      "raw_ns": 109.961945,
      "floor_ns": 99.183005,
      "net_ns": 10.778940000000006,
      "checksum": "0"
    },
    "^": {
      "raw_ns": 133.950975,
      "floor_ns": 96.25294,
      "net_ns": 37.698035000000004,
      "checksum": "1"
    }
  },
  "f16": {
    "+": {
      "raw_ns": 110.51782,
      "floor_ns": 97.19543,
      "net_ns": 13.322389999999999,
      "checksum": "2"
    },
    "-": {
      "raw_ns": 109.03138,
      "floor_ns": 96.492105,
      "net_ns": 12.539275000000004,
      "checksum": "0"
    },
    "*": {
      "raw_ns": 108.91295,
      "floor_ns": 95.337815,
      "net_ns": 13.575134999999989,
      "checksum": "1"
    },
    "/": {
      "raw_ns": 108.897855,
      "floor_ns": 97.294945,
      "net_ns": 11.602910000000008,
      "checksum": "1"
    },
    "%": {
      "raw_ns": 109.12401,
      "floor_ns": 96.82121,
      "net_ns": 12.302800000000005,
      "checksum": "0"
    },
    "^": {
      "raw_ns": 135.60961,
      "floor_ns": 98.008065,
      "net_ns": 37.601545,
      "checksum": "1"
    }
  },
  "f32": {
    "+": {
      "raw_ns": 108.48191,
      "floor_ns": 95.39726,
      "net_ns": 13.084649999999996,
      "checksum": "2.000123500823974609375"
    },
    "-": {
      "raw_ns": 107.767035,
      "floor_ns": 96.502455,
      "net_ns": 11.26458000000001,
      "checksum": "0.000123500823974609375"
    },
    "*": {
      "raw_ns": 106.066125,
      "floor_ns": 103.063075,
      "net_ns": 3.0030500000000018,
      "checksum": "1.000123500823974609375"
    },
    "/": {
      "raw_ns": 108.88661,
      "floor_ns": 96.9378,
      "net_ns": 11.948810000000009,
      "checksum": "1.000123500823974609375"
    },
    "%": {
      "raw_ns": 110.77741,
      "floor_ns": 97.73981,
      "net_ns": 13.037599999999998,
      "checksum": "0.000123500823974609375"
    },
    "^": {
      "raw_ns": 140.03958,
      "floor_ns": 96.72706,
      "net_ns": 43.312520000000006,
      "checksum": "1.000123500823974609375"
    }
  },
  "f64": {
    "+": {
      "raw_ns": 108.305845,
      "floor_ns": 96.58466,
      "net_ns": 11.721185000000006,
      "checksum": "2.00012345678999992060198565013706684"
    },
    "-": {
      "raw_ns": 107.25218,
      "floor_ns": 95.43914,
      "net_ns": 11.81304,
      "checksum": "0.000123456787999964845425893145147711039"
    },
    "*": {
      "raw_ns": 108.76623,
      "floor_ns": 94.494475,
      "net_ns": 14.271754999999999,
      "checksum": "1.00012345679000036469119550019968301"
    },
    "/": {
      "raw_ns": 107.132675,
      "floor_ns": 96.94652,
      "net_ns": 10.186155,
      "checksum": "1.00012345678799974280082096811383963"
    },
    "%": {
      "raw_ns": 107.329095,
      "floor_ns": 98.117405,
      "net_ns": 9.21168999999999,
      "checksum": "0.000123456787999964845425893145147711039"
    },
    "^": {
      "raw_ns": 149.6538,
      "floor_ns": 98.125515,
      "net_ns": 51.528285,
      "checksum": "1.0001234567890002757906131591880694"
    }
  },
  "f128": {
    "+": {
      "raw_ns": 133.521065,
      "floor_ns": 98.570525,
      "net_ns": 34.95053999999999,
      "checksum": "2.000123456789999999999999999999999943"
    },
    "-": {
      "raw_ns": 131.52173,
      "floor_ns": 99.09051,
      "net_ns": 32.431219999999996,
      "checksum": "0.0001234567880000000000000000000001341223"
    },
    "*": {
      "raw_ns": 135.62217,
      "floor_ns": 99.60775,
      "net_ns": 36.014420000000015,
      "checksum": "1.000123456790000123456789000000000003"
    },
    "/": {
      "raw_ns": 132.7653,
      "floor_ns": 97.42122,
      "net_ns": 35.34407999999999,
      "checksum": "1.000123456787999876543212000123456895"
    },
    "%": {
      "raw_ns": 130.73298,
      "floor_ns": 98.905635,
      "net_ns": 31.827344999999994,
      "checksum": "0.0001234567880000000000000000000001341223"
    },
    "^": {
      "raw_ns": 133.731815,
      "floor_ns": 98.669035,
      "net_ns": 35.06278000000002,
      "checksum": "1.000123456789000123464409475781731752"
    }
  },
  "f256": {
    "+": {
      "raw_ns": 131.08593,
      "floor_ns": 99.563955,
      "net_ns": 31.521974999999983,
      "checksum": "2.0001234567899999999999999999999999999999999999999999999999999999999999996"
    },
    "-": {
      "raw_ns": 132.927535,
      "floor_ns": 98.958415,
      "net_ns": 33.969120000000004,
      "checksum": "0.00012345678800000000000000000000000000000000000000000000000000000000000663009"
    },
    "*": {
      "raw_ns": 133.340495,
      "floor_ns": 99.141455,
      "net_ns": 34.19904000000001,
      "checksum": "1.0001234567900001234567890000000000000000000000000000000000000000000000012"
    },
    "/": {
      "raw_ns": 133.874175,
      "floor_ns": 98.299885,
      "net_ns": 35.574290000000005,
      "checksum": "1.000123456787999876543212000123456787999876543212000123456787999876543215"
    },
    "%": {
      "raw_ns": 132.596775,
      "floor_ns": 99.62355,
      "net_ns": 32.97322500000001,
      "checksum": "0.00012345678800000000000000000000000000000000000000000000000000000000000663009"
    },
    "^": {
      "raw_ns": 129.65089,
      "floor_ns": 98.80394,
      "net_ns": 30.846950000000007,
      "checksum": "1.0001234567890001234644094757817316261288265135422828558376638346614795068"
    }
  },
  "f512": {
    "+": {
      "raw_ns": 130.938645,
      "floor_ns": 98.58716,
      "net_ns": 32.35148500000001,
      "checksum": "2.000123456790000000000000000000000000000000000000000000000000000000000000000000000000000000000000000000000000000000000000000000000000000000000000000005"
    },
    "-": {
      "raw_ns": 134.073985,
      "floor_ns": 97.631435,
      "net_ns": 36.44255,
      "checksum": "0.0001234567879999999999999999999999999999999999999999999999999999999999999999999999999999999999999999999999999999999999999999999999999999999999999999447198"
    },
    "*": {
      "raw_ns": 134.357615,
      "floor_ns": 97.975325,
      "net_ns": 36.38229000000001,
      "checksum": "1.000123456790000123456789000000000000000000000000000000000000000000000000000000000000000000000000000000000000000000000000000000000000000000000000000009"
    },
    "/": {
      "raw_ns": 132.950345,
      "floor_ns": 100.135725,
      "net_ns": 32.814620000000005,
      "checksum": "1.000123456787999876543212000123456787999876543212000123456787999876543212000123456787999876543212000123456787999876543212000123456787999876543212000086"
    },
    "%": {
      "raw_ns": 133.841325,
      "floor_ns": 98.162305,
      "net_ns": 35.67902000000001,
      "checksum": "0.0001234567879999999999999999999999999999999999999999999999999999999999999999999999999999999999999999999999999999999999999999999999999999999999999999447198"
    },
    "^": {
      "raw_ns": 131.68575,
      "floor_ns": 98.192105,
      "net_ns": 33.493645000000015,
      "checksum": "1.000123456789000123464409475781731626128826513542282855837663834661479501741443724883508838058401706866971123444620196054675224943098875042320456045022"
    }
  }
}