{
  "primitive": "f32",
  "mode": "interpret",
  "loops": 20000,
  "runs": 1,
  "warmup": 0,
  "median_sec": 0.03423845899669686,
  "min_sec": 0.03423845899669686,
  "max_sec": 0.03423845899669686,
  "checksum_raw": "0",
  "baseline_1x_sec": 0.2632782079963363,
  "speedup_vs_1x": 7.689546075123763
}