{
  "primitive": "f256",
  "mode": "native_ultra",
  "loops": 5000000,
  "runs": 1,
  "warmup": 0,
  "median_sec": 1.973814291999588,
  "min_sec": 1.973814291999588,
  "max_sec": 1.973814291999588,
  "checksum_raw": "0",
  "baseline_1x_sec": 1.973814291999588,
  "speedup_vs_1x": 1.0
}