{
  "primitive": "f16",
  "mode": "native",
  "loops": 20000,
  "runs": 1,
  "warmup": 0,
  "median_sec": 0.2835536670008878,
  "min_sec": 0.2835536670008878,
  "max_sec": 0.2835536670008878,
  "checksum_raw": "0",
  "baseline_1x_sec": 0.2835536670008878,
  "speedup_vs_1x": 1.0
}