{
  "primitive": "bf16",
  "mode": "interpret",
  "loops": 20000,
  "runs": 1,
  "warmup": 0,
  "median_sec": 0.031292957995901816,
  "min_sec": 0.031292957995901816,
  "max_sec": 0.031292957995901816,
  "checksum_raw": "0",
  "baseline_1x_sec": 0.28946650000034424,
  "speedup_vs_1x": 9.250212141602379
}