{
  "primitive": "i64",
  "mode": "interpret",
  "loops": 20000,
  "runs": 1,
  "warmup": 0,
  "median_sec": 0.027017667001928203,
  "min_sec": 0.027017667001928203,
  "max_sec": 0.027017667001928203,
  "checksum_raw": "87",
  "baseline_1x_sec": 0.281252749999112,
  "speedup_vs_1x": 10.409956935920466
}