{
  "primitive": "f64",
  "mode": "native",
  "loops": 100000,
  "runs": 1,
  "warmup": 0,
  "median_sec": 0.263201540998125,
  "min_sec": 0.263201540998125,
  "max_sec": 0.263201540998125,
  "checksum_raw": "0",
  "baseline_1x_sec": 0.263201540998125,
  "speedup_vs_1x": 1.0
}