{
  "primitive": "f128",
  "mode": "interpret",
  "loops": 20000,
  "runs": 1,
  "warmup": 0,
  "median_sec": 0.05269800000678515,
  "min_sec": 0.05269800000678515,
  "max_sec": 0.05269800000678515,
  "checksum_raw": "0",
  "baseline_1x_sec": 0.12191549999988638,
  "speedup_vs_1x": 2.313474894382882
}