{
  "primitive": "i32",
  "mode": "native",
  "loops": 20000,
  "runs": 1,
  "warmup": 0,
  "median_sec": 0.2614168339987373,
  "min_sec": 0.2614168339987373,
  "max_sec": 0.2614168339987373,
  "checksum_raw": "132",
  "baseline_1x_sec": 0.2614168339987373,
  "speedup_vs_1x": 1.0
}