{
  "kozmika_interpret": {
    "-": 3.787335,
    "+": 3.833785,
    "/": 3.74708,
    "%": 3.74512,
    "*": 3.70856,
    "^": 3.801865
  },
  "kozmika_native": {
    "-": 5.587708333333333,
    "+": 6.654166666666666,
    "/": 5.7577083333333325,
    "%": 6.005208333333332,
    "*": 5.0060416666666665,
    "^": 4.367708333333333
  },
  "c": {
    "-": 12.66576,
    "+": 11.346385,
    "/": 12.08873,
    "%": 8.89109,
    "*": 13.69404,
    "^": 9.347565
  },
  "cpp": {
    "-": 9.104035,
    "+": 11.956095,
    "/": 9.02311,
    "%": 8.8741,
    "*": 11.856825,
    "^": 9.219665
  },
  "csharp": {
    "-": 7.86254,
    "+": 7.84282,
    "/": 7.65439,
    "%": 8.89812,
    "*": 7.829865,
    "^": 9.36074
  }
}