{
  "command": [
    "/Users/kursatyenidogan/Documents/kozmikaDil/bench/results/phase10/pgo_full_trial/native_baseline.bin"
  ],
  "statuses": [
    0,
    0,
    0,
    0,
    0,
    0,
    0,
    0,
    0,
    0,
    0
  ],
  "status_ok": true,
  "timing": {
    "sample_count": 11,
    "median_sec": 0.002282792003825307,
    "mean_sec": 0.0021605881112110284,
    "stdev_sec": 0.00018437884871818326,
    "max_drift_percent": 16.440043655388635
  },
  "first_output": "500001000000\n"
}