{
  "command": [
    "/Users/kursatyenidogan/Documents/kozmikaDil/bench/results/phase10/pgo_full_trial/native_pgo.bin"
  ],
  "statuses": [
    0,
    0,
    0,
    0,
    0,
    0,
    0,
    0,
    0,
    0,
    0
  ],
  "status_ok": true,
  "timing": {
    "sample_count": 11,
    "median_sec": 0.0020714999991469085,
    "mean_sec": 0.002065472217509523,
    "stdev_sec": 0.0001110537524283038,
    "max_drift_percent": 10.384987127297808
  },
  "first_output": "500001000000\n"
}