{
  "command": [
    "/Users/kursatyenidogan/Documents/kozmikaDil/bench/results/phase10/pgo_thin_trial_r3/native_baseline.bin"
  ],
  "statuses": [
    0,
    0,
    0,
    0,
    0,
    0,
    0,
    0,
    0,
    0,
    0
  ],
  "status_ok": true,
  "timing": {
    "sample_count": 11,
    "median_sec": 0.0021316659986041486,
    "mean_sec": 0.002169310335173375,
    "stdev_sec": 0.00010810289388559491,
    "max_drift_percent": 8.696296896627777
  },
  "first_output": "500001000000\n"
}