{
  "command": [
    "/Users/kursatyenidogan/Documents/kozmikaDil/bench/results/phase10/pgo_thin_trial_r3/native_pgo.bin"
  ],
  "statuses": [
    0,
    0,
    0,
    0,
    0,
    0,
    0,
    0,
    0,
    0,
    0
  ],
  "status_ok": true,
  "timing": {
    "sample_count": 11,
    "median_sec": 0.002159333002055064,
    "mean_sec": 0.00217538423021324,
    "stdev_sec": 9.766576176006626e-05,
    "max_drift_percent": 8.13908736187264
  },
  "first_output": "500001000000\n"
}