{
  "command": [
    "/Users/kursatyenidogan/Documents/kozmikaDil/bench/results/phase10/pgo_xlarge_trial_0/native_baseline.bin"
  ],
  "statuses": [
    0,
    0,
    0,
    0,
    0,
    0,
    0,
    0,
    0,
    0,
    0
  ],
  "status_ok": true,
  "timing": {
    "sample_count": 11,
    "median_sec": 0.0025189589941874146,
    "mean_sec": 0.0024669725551373428,
    "stdev_sec": 0.00018978545366058757,
    "max_drift_percent": 13.405021967914971
  },
  "first_output": "50000010000000\n"
}