{
  "command": [
    "/Users/kursatyenidogan/Documents/kozmikaDil/bench/results/phase10/pgo_xlarge_trial_0/native_pgo.bin"
  ],
  "statuses": [
    0,
    0,
    0,
    0,
    0,
    0,
    0,
    0,
    0,
    0,
    0
  ],
  "status_ok": true,
  "timing": {
    "sample_count": 11,
    "median_sec": 0.00251066597411409,
    "mean_sec": 0.0024910693334984696,
    "stdev_sec": 0.00013827650449474484,
    "max_drift_percent": 9.434746500891327
  },
  "first_output": "50000010000000\n"
}