{
  "program": "/Users/kursatyenidogan/Documents/kozmikaDil/bench/programs/phase10/pgo_call_chain_xlarge.k",
  "lto_mode": "full",
  "profile_runs": 5,
  "baseline_median_sec": 0.0025189589941874146,
  "pgo_median_sec": 0.00251066597411409,
  "speedup_vs_baseline": 1.0033031156509185,
  "baseline": {
    "command": [
      "/Users/kursatyenidogan/Documents/kozmikaDil/bench/results/phase10/pgo_xlarge_trial_0/native_baseline.bin"
    ],
    "statuses": [
      0,
      0,
      0,
      0,
      0,
      0,
      0,
      0,
      0,
      0,
      0
    ],
    "status_ok": true,
    "timing": {
      "sample_count": 11,
      "median_sec": 0.0025189589941874146,
      "mean_sec": 0.0024669725551373428,
      "stdev_sec": 0.00018978545366058757,
      "max_drift_percent": 13.405021967914971
    },
    "first_output": "50000010000000\n"
  },
  "pgo_use": {
    "command": [
      "/Users/kursatyenidogan/Documents/kozmikaDil/bench/results/phase10/pgo_xlarge_trial_0/native_pgo.bin"
    ],
    "statuses": [
      0,
      0,
      0,
      0,
      0,
      0,
      0,
      0,
      0,
      0,
      0
    ],
    "status_ok": true,
    "timing": {
      "sample_count": 11,
      "median_sec": 0.00251066597411409,
      "mean_sec": 0.0024910693334984696,
      "stdev_sec": 0.00013827650449474484,
      "max_drift_percent": 9.434746500891327
    },
    "first_output": "50000010000000\n"
  }
}