{
  "aggressive": {
    "geomeans": [
      0.9369235306266652,
      0.9998662854732076,
      1.0040057193214595
    ],
    "geomean_mean": 0.9802651784737774,
    "geomean_stdev": 0.030693729617228868,
    "geomean_min": 0.9369235306266652,
    "geomean_max": 1.0040057193214595,
    "per_bench": {
      "list_iteration": [
        1.0090555487029629,
        0.9989971004559863,
        1.0084492662976863
      ],
      "matrix_elemwise": [
        0.8699478471430937,
        1.0007362267314568,
        0.9995817520210677
      ]
    },
    "runtime_mean_sec": 42.884632013665396
  },
  "auto_native_pgo": {
    "geomeans": [
      1.0183197698416768,
      1.0030583318772461,
      0.982227173607987
    ],
    "geomean_mean": 1.0012017584423034,
    "geomean_stdev": 0.014793107052758114,
    "geomean_min": 0.982227173607987,
    "geomean_max": 1.0183197698416768,
    "per_bench": {
      "list_iteration": [
        0.9891796294849268,
        1.014304476780534,
        0.9345849177520587
      ],
      "matrix_elemwise": [
        1.04831834657813,
        0.9919368790936137,
        1.032298084688206
      ]
    },
    "runtime_mean_sec": 43.499431000333665
  }
}