{
  "command": [
    "/Users/kursatyenidogan/Documents/kozmikaDil/bench/results/phase10/pgo_scalar_default/native_pgo.bin"
  ],
  "statuses": [
    0,
    0,
    0,
    0,
    0,
    0,
    0,
    0,
    0,
    0,
    0
  ],
  "status_ok": true,
  "timing": {
    "sample_count": 11,
    "median_sec": 0.0024533329997211695,
    "mean_sec": 0.0026394905580673367,
    "stdev_sec": 0.0003567958271867093,
    "max_drift_percent": 35.20720585632417
  },
  "first_output": "61249825000\n"
}