{
  "command": [
    "/Users/kursatyenidogan/Documents/kozmikaDil/bench/results/phase10/pgo/native_baseline.bin"
  ],
  "statuses": [
    0,
    0,
    0,
    0,
    0,
    0,
    0,
    0,
    0,
    0,
    0
  ],
  "status_ok": true,
  "timing": {
    "sample_count": 11,
    "median_sec": 0.002748291997704655,
    "mean_sec": 0.002657754776818264,
    "stdev_sec": 0.00015479371910866226,
    "max_drift_percent": 10.485312630777267
  },
  "first_output": "500001000000\n"
}