{
  "command": [
    "/Users/kursatyenidogan/Documents/kozmikaDil/bench/results/phase10/pgo/native_pgo.bin"
  ],
  "statuses": [
    0,
    0,
    0,
    0,
    0,
    0,
    0,
    0,
    0,
    0,
    0
  ],
  "status_ok": true,
  "timing": {
    "sample_count": 11,
    "median_sec": 0.002619875012896955,
    "mean_sec": 0.00258131933838336,
    "stdev_sec": 0.00010528592203138064,
    "max_drift_percent": 7.777088904890587
  },
  "first_output": "500001000000\n"
}