{
  "program": "/Users/kursatyenidogan/Documents/kozmikaDil/bench/programs/phase10/pgo_call_chain_large.k",
  "lto_mode": "full",
  "profile_runs": 5,
  "baseline_median_sec": 0.002748291997704655,
  "pgo_median_sec": 0.002619875012896955,
  "raw_speedup_vs_baseline": 1.0490164546688436,
  "selected_variant": "pgo_use",
  "effective_median_sec": 0.002619875012896955,
  "speedup_vs_baseline": 1.0490164546688436,
  "baseline": {
    "command": [
      "/Users/kursatyenidogan/Documents/kozmikaDil/bench/results/phase10/pgo/native_baseline.bin"
    ],
    "statuses": [
      0,
      0,
      0,
      0,
      0,
      0,
      0,
      0,
      0,
      0,
      0
    ],
    "status_ok": true,
    "timing": {
      "sample_count": 11,
      "median_sec": 0.002748291997704655,
      "mean_sec": 0.002657754776818264,
      "stdev_sec": 0.00015479371910866226,
      "max_drift_percent": 10.485312630777267
    },
    "first_output": "500001000000\n"
  },
  "pgo_use": {
    "command": [
      "/Users/kursatyenidogan/Documents/kozmikaDil/bench/results/phase10/pgo/native_pgo.bin"
    ],
    "statuses": [
      0,
      0,
      0,
      0,
      0,
      0,
      0,
      0,
      0,
      0,
      0
    ],
    "status_ok": true,
    "timing": {
      "sample_count": 11,
      "median_sec": 0.002619875012896955,
      "mean_sec": 0.00258131933838336,
      "stdev_sec": 0.00010528592203138064,
      "max_drift_percent": 7.777088904890587
    },
    "first_output": "500001000000\n"
  }
}