{
  "command": [
    "/Users/kursatyenidogan/Documents/kozmikaDil/bench/results/phase10/pgo_thin_trial/native_baseline.bin"
  ],
  "statuses": [
    0,
    0,
    0,
    0,
    0,
    0,
    0,
    0,
    0,
    0,
    0
  ],
  "status_ok": true,
  "timing": {
    "sample_count": 11,
    "median_sec": 0.0020401660003699362,
    "mean_sec": 0.002085194554335127,
    "stdev_sec": 0.00011647521731001347,
    "max_drift_percent": 11.504407231028663
  },
  "first_output": "500001000000\n"
}