{
  "command": [
    "/Users/kursatyenidogan/Documents/kozmikaDil/bench/results/phase10/pgo_thin_trial/native_pgo.bin"
  ],
  "statuses": [
    0,
    0,
    0,
    0,
    0,
    0,
    0,
    0,
    0,
    0,
    0
  ],
  "status_ok": true,
  "timing": {
    "sample_count": 11,
    "median_sec": 0.0020522080012597144,
    "mean_sec": 0.002060398106954785,
    "stdev_sec": 0.00016470652704230726,
    "max_drift_percent": 14.788948415852717
  },
  "first_output": "500001000000\n"
}