{
  "program": "/Users/kursatyenidogan/Documents/kozmikaDil/bench/programs/phase10/pgo_call_chain_large.k",
  "lto_mode": "thin",
  "profile_runs": 5,
  "baseline_median_sec": 0.0020401660003699362,
  "pgo_median_sec": 0.0020522080012597144,
  "speedup_vs_baseline": 0.9941321733068059,
  "baseline": {
    "command": [
      "/Users/kursatyenidogan/Documents/kozmikaDil/bench/results/phase10/pgo_thin_trial/native_baseline.bin"
    ],
    "statuses": [
      0,
      0,
      0,
      0,
      0,
      0,
      0,
      0,
      0,
      0,
      0
    ],
    "status_ok": true,
    "timing": {
      "sample_count": 11,
      "median_sec": 0.0020401660003699362,
      "mean_sec": 0.002085194554335127,
      "stdev_sec": 0.00011647521731001347,
      "max_drift_percent": 11.504407231028663
    },
    "first_output": "500001000000\n"
  },
  "pgo_use": {
    "command": [
      "/Users/kursatyenidogan/Documents/kozmikaDil/bench/results/phase10/pgo_thin_trial/native_pgo.bin"
    ],
    "statuses": [
      0,
      0,
      0,
      0,
      0,
      0,
      0,
      0,
      0,
      0,
      0
    ],
    "status_ok": true,
    "timing": {
      "sample_count": 11,
      "median_sec": 0.0020522080012597144,
      "mean_sec": 0.002060398106954785,
      "stdev_sec": 0.00016470652704230726,
      "max_drift_percent": 14.788948415852717
    },
    "first_output": "500001000000\n"
  }
}